username,content,timestamp,replies,retweets,likes,url
@Voice_of_Legon,"ATTENTION PUBLIC

During its 50th Law Week celebration, the University of Ghana School of Law launched a campaign against illegal mining (Galamsey).

They invited the public to join the fight",2025-06-07T17:47:27.000Z,0,0,0,https://x.com/Voice_of_Legon/status/1931407673255239988
@officiallordy,"• Refused to on strike over Galamsey in 2024. 
• Going on strike over alleged misconduct of Ag. Registrar in 2025 

Politically motivated. ",2025-06-16T15:05:47.000Z,0,0,0,https://x.com/officiallordy/status/1934628478713798780
@ksheldonstudios,A BECE Candidate Abandons his Exams to join a galamsey operation.,2025-06-11T17:42:52.000Z,0,0,0,https://x.com/ksheldonstudios/status/1932856071074234865
@JasperZiggle,Documentary on Galamsey,2025-06-06T06:53:50.000Z,0,0,0,https://x.com/JasperZiggle/status/1930880795624739222
@JoyNewsOnTV,"Fight against galamsey: Illegal fuel station discovered in forest reserve as Chinese nationals arrested in gold mining raid.

#NoToGalamsey #StopGalamseyNow",2025-06-05T12:09:56.000Z,0,0,0,https://x.com/JoyNewsOnTV/status/1930597958535262315
@Dereal_ZAMI,"Did you miss my interview with 
@amabrowneklutse
 on the 
@EPA_Ghana
's role in the fight against illicit mining?

Here you are.

W discussed LI2462, introducing polluter-pay systems, plans to clean all contaminated water sources, and the rumours of politicians fronting galamsey.",2025-06-17T07:30:05.000Z,0,0,0,https://x.com/Dereal_ZAMI/status/1934876185760051687
@SamKwasiBoateng,Muslims in Ghana are some of the most religiously tolerant people around.,2025-06-17T07:23:27.000Z,0,0,0,https://x.com/SamKwasiBoateng/status/1934874514749575235
@thatEsselguy,"The guy dey do galamsey wei he make dem scam am 10K with Maame Adoma ein pictures, online dating ",2025-06-16T11:45:17.000Z,0,0,0,https://x.com/thatEsselguy/status/1934578020649517390
@greenfaithgh,"Witnessing and joining in on a mural painting for climate justice wasn’t just inspiring but another dimension of projecting activism and art on the inhumane treatment on our environment in light of the great harm galamsey...
1/2

#Faiths4Climate #PeopleOverProfit #StopGalamseyNow",2025-06-16T08:47:14.000Z,0,0,0,https://x.com/greenfaithgh/status/1934533211461501231
@SIKAOFFICIAL1,"A group of youths from the Atewa Forest area visited a mining site to confront individuals engaged in illegal mining (galamsey). 

They explained that, although they too were young and faced hardships, they chose not to engage in galamsey because of its devastating impact on the",2025-06-06T07:05:11.000Z,0,0,0,https://x.com/SIKAOFFICIAL1/status/1930883652440699158
@SamKwasiBoateng,On the last day we will see so many people from other faiths and unconventional backgrounds among the saved simply because they actually believed in Jesus Christ's power to save.,2025-06-17T07:31:31.000Z,0,0,0,https://x.com/SamKwasiBoateng/status/1934876546445025560
@JaspersPA1,Galamsey in Twi >>>>>>>,2025-06-11T20:15:45.000Z,0,0,0,https://x.com/JaspersPA1/status/1932894542677618813
@NanaDarko__,"You seem to be silent about galamsey. Should we call you a hypocrite? Currently a DCE and national security officials are involved, yet you remain quiet on the galamsey issues.",2025-06-07T01:05:55.000Z,0,0,0,https://x.com/NanaDarko__/status/1931155626916221109
@KwekuMarch,Them say some students lef the BECE hall go do galamsey,2025-06-12T13:51:41.000Z,0,0,0,https://x.com/KwekuMarch/status/1933160277891289225
@BerryPulseM_Inc,"MP Samuel Okudzeto Ablakwa, in Nanning, China, has vowed that the Mahama government’s ruthless fight against galamsey, targeting Chinese involvement. 

With 60% of rivers polluted and $2.3 billion in annual losses, new laws impose life sentences for illegal mining, aiming to",2025-06-16T10:10:37.000Z,0,0,0,https://x.com/BerryPulseM_Inc/status/1934554195887009941
@Lizdavv,Galamsey in twi,2025-06-11T18:21:30.000Z,0,0,0,https://x.com/Lizdavv/status/1932865793735221563
@JasperZiggle,Kwaku Manu talks about his days as a Galamsey boy in Obuasi,2025-06-08T18:48:01.000Z,0,0,0,https://x.com/JasperZiggle/status/1931785300130267258
@whyhatecreed,"but you were pushing for galamsey to be stopped 

make it make sense",2025-06-12T21:32:33.000Z,0,0,0,https://x.com/whyhatecreed/status/1933276258475126799
@ForVolta,In exchange for Galamsey and our golds ..... Sick country!,2025-06-12T09:09:10.000Z,0,0,0,https://x.com/ForVolta/status/1933089180940398837
@SamKwasiBoateng,DDG v Aston Villa gave us this meme,2025-06-11T10:25:51.000Z,0,0,0,https://x.com/SamKwasiBoateng/status/1932746091230834883
@metrotvgh,"Police arrest 3 Chinese nationals, seize weapons in Twifo Denyase anti-galamsey operation 

#MetroNews",2025-06-07T12:34:34.000Z,0,0,0,https://x.com/metrotvgh/status/1931328930411102266
@TheClimateSoc,"On the streets of Nima, The Climate Sociologist is using art to fight Galamsey and raise climate awareness with children!

From spray cans to bold messages — we’re shaping young minds for a sustainable future. 
#StopGalamsey #ClimateAction #ArtForChange #TheClimateSociologist",2025-06-14T21:15:19.000Z,0,0,0,https://x.com/TheClimateSoc/status/1933996699510288565
@SamKwasiBoateng,"Fairs man JDM has reeled me in. Superb communicator, great father and currently doing well as President",2025-06-17T07:22:01.000Z,0,0,0,https://x.com/SamKwasiBoateng/status/1934874154383110469
@MrAmponsa,They even wanted them to go on strike sake of galamsey.,2025-06-10T18:10:30.000Z,0,0,0,https://x.com/MrAmponsa/status/1932500638438506659
@E_F_Jonathan,"The Medical Doctor who fully supports galamsey operations?

He doesn’t care about the health of Ghanaians.",2025-06-10T14:10:45.000Z,0,0,0,https://x.com/E_F_Jonathan/status/1932440300485558710
@eckoowusu,My paddy be said it’s the Galamsey water ,2025-06-15T17:02:44.000Z,0,0,0,https://x.com/eckoowusu/status/1934295519683072128
@dvncvn_,galamsey is the reason why. maybe you can go back to the rigorous campaign you begun a while ago.,2025-06-05T11:16:45.000Z,0,0,0,https://x.com/dvncvn_/status/1930584572200120613
@IvyEnyonam_,Oh Galamsey will be fall,2025-06-08T19:17:23.000Z,0,0,0,https://x.com/IvyEnyonam_/status/1931792693429944410
@GOD_MC1,"In addition to the Galamsey... 
The NDC Governemnt has no regard for Ghanaians.
They pollute our water bodies, burden us with more taxes, chase various gold mines without proper legislation, and procedural due diligence.
Thanks for the truth 
@FAnnohDompreh",2025-06-14T11:02:30.000Z,0,0,0,https://x.com/GOD_MC1/status/1933842476713828639
@tv3_ghana,"One candidate, writing the 2025 Basic Education Certificate Examination (BECE) at the Duapompo M/A Junior High School in the Juaben municipality of the Ashanti Region is reported to have abandoned the exams to engage in illegal mining activities popularly called ‘Galamsey.’",2025-06-11T14:00:27.000Z,0,0,0,https://x.com/tv3_ghana/status/1932800095432405113
@SamKwasiBoateng,,2025-06-15T19:22:30.000Z,0,0,0,https://x.com/SamKwasiBoateng/status/1934330693338755413
@logical_nash,Galamsey in Twi??,2025-06-12T07:41:58.000Z,0,0,0,https://x.com/logical_nash/status/1933067236140319109
@GhanaSocialUni,"No one needs PayPal in Ghana except fraud boys … 
@samgeorgegh
 wake up and do what Ghanaians were voted for … ban of porn , anti LGBTQ bill, reduction in data prices and the ban of Galamsey.. that’s what we asked for … not PayPal so internet fraud which is already high will go",2025-06-13T18:39:00.000Z,0,0,0,https://x.com/GhanaSocialUni/status/1933594973301022870
@Kay_Rock97,Lands minister - galamsey issues,2025-06-11T08:37:07.000Z,0,0,0,https://x.com/Kay_Rock97/status/1932718727176335589
@EcoConsciousGH,"Galamsey hurts everyone - even those who partake in it - be it in the pits or at the GoldBod, where they receive their riches from selling blood gold!
@skcmcurry
 @Bobthebuil19383
 @Galamsey
 @AmaMarley_
 @_shorshor
 @AndreaYankah
 @adomakoampofo
 @ghanamunsemsem_
 @AmoakoDarko
 @Images_1",2025-06-10T20:06:19.000Z,0,0,0,https://x.com/EcoConsciousGH/status/1932529782048125195
@blaquegatsby,"The NDC government is truly fighting Galamsey Head on 

The ex administration really caused a lot of harm to Ghanaians.  How can all this happen without any attempts to clamp down on their illegal activities. ?",2025-06-06T12:05:23.000Z,0,0,0,https://x.com/blaquegatsby/status/1930959200282116537
@rmz_rhammizy,Chale if you tweet something outrageous like this again I’ll start doing galamsey wati ,2025-06-11T09:31:46.000Z,0,0,0,https://x.com/rmz_rhammizy/status/1932732480785653968
@dawgdeyfool,He Dey galamsey site,2025-06-12T09:59:48.000Z,0,0,0,https://x.com/dawgdeyfool/status/1933101924771057865
@GHClassicks,"Good job on the galamsey fight but the operation shoot to kill for really happen. You deport them, they will come back. Its a cartel run from  China. They are even on seas fishing illegally too. Asking them questions sef bi pampering give me. No media, No camera just firing squad",2025-06-05T20:41:31.000Z,0,0,0,https://x.com/GHClassicks/status/1930726700322615498
@mista_anOkye,"Hello Auntie 
@NJOAgyemang
 
Please Your Police Men Are Now The Galamsey Kingpins 
They're More Into Galamsey Than Any State Agency",2025-06-10T20:26:34.000Z,0,0,0,https://x.com/mista_anOkye/status/1932534876936573295
@kwablahwisdom,"Eastern Chiefs Meet Minister Over Land and Galamsey Issues

The Eastern Regional House of Chiefs met with the Regional Minister, Hon. Rita Akosua Adjei Awatey, in Koforidua to talk about land protection, illegal mining (galamsey), and development......",2025-06-16T21:05:07.000Z,0,0,0,https://x.com/kwablahwisdom/status/1934718907014644067
@Emmanue90534812,"When the king of galamsey was arrested you were quite, you are calling for a fight you know you cannot win",2025-06-08T23:42:57.000Z,0,0,0,https://x.com/Emmanue90534812/status/1931859526212276615
@onepilato9,Wasn’t he the man who said galamsey will never be stopped ?,2025-06-11T14:55:08.000Z,0,0,0,https://x.com/onepilato9/status/1932813858709868916
@TwoTerty1,Eiii you people still Dey do Galamsey after all the stress we all go through? Ebei ,2025-06-11T20:10:22.000Z,0,0,0,https://x.com/TwoTerty1/status/1932893190417489943
@3NewsGH,"Nana Yaa Jantuah comments on the 2025 BECE candidate who was reported to have abandoned the exams to engage in galamsey.

#TV3NewDay",2025-06-12T15:09:22.000Z,0,0,0,https://x.com/3NewsGH/status/1933179829840658707
@Channel1TVGHA,"What can Akyem Abuakwa do about galamsey? #ChannelOneNews

| More here:",2025-06-09T09:24:26.000Z,0,0,0,https://x.com/Channel1TVGHA/status/1932005858709270609
@AbdulJamilFa,What happened to the Galamsey taskforce that were recruited??,2025-06-15T16:39:43.000Z,0,0,0,https://x.com/AbdulJamilFa/status/1934289730436264305
@EcoConsciousGH,"WHAT ARE WE WAITING FOR TO RESPOND??????

#Galamsey Mr President, Another Pastor Sounds A Warning #DropLI2462 #RevokeNotAmend #StopGalamseyNow",2025-06-14T09:51:33.000Z,0,0,0,https://x.com/EcoConsciousGH/status/1933824624904548633
@tv3_ghana,‘Mahama govt is resolved to ruthlessly combat galamsey’ – Ablakwa tells authorities in China,2025-06-16T09:14:17.000Z,0,0,0,https://x.com/tv3_ghana/status/1934540019542143015
@3fm927,"Is the JDM Administration already stumbling in the ""Galamsey Fight""? 

Dr. Hanna Louisa Bisiw-Kotei, Administrator of the Minerals Development Fund, clarified their stance: ""We intend to end illegal mining and not galamsey."" 

She further explained, ""The Minerals Development Fund",2025-06-13T12:26:47.000Z,0,0,0,https://x.com/3fm927/status/1933501298927632859
@DeLimaJnr1,"For 2 weeks this week no get water, and apparently GWCL is battling with bad water as a result of galamsey.
The galamsey menace needs to be cracked down! It's sickening!",2025-06-09T12:18:38.000Z,0,0,0,https://x.com/DeLimaJnr1/status/1932049697478267032
@sir_Lebtuu,I see no difference between Boko Haram and Galamsey. We need to do more as a country,2025-06-05T22:30:12.000Z,0,0,0,https://x.com/sir_Lebtuu/status/1930754053287391623
@modernghanaweb,Who Are Truly Benefiting From Galamsey? Ghanaians Demand Answers Now!,2025-06-06T12:58:19.000Z,0,0,0,https://x.com/modernghanaweb/status/1930972521026740469
@_AlbertAkwesi,How far as in you don’t know how far the fight of galamsey have gotten or what… or it’s another day for agenda,2025-06-12T13:30:32.000Z,0,0,0,https://x.com/_AlbertAkwesi/status/1933154954425913431
@sir_Lebtuu,Ah so the galamsey ebi say the illegal miners get more fire power pass the security agencies or what? Mentease oo…the audacity!,2025-06-05T12:07:13.000Z,0,0,0,https://x.com/sir_Lebtuu/status/1930597274217763233
@Joy997FM,"President Mahama gives a detailed update on the government’s efforts to combat galamsey. He reveals that 300 excavators have been seized from illegal miners across the country.

#JoyNews",2025-06-05T15:09:58.000Z,0,0,0,https://x.com/Joy997FM/status/1930643266090762429
@SamKwasiBoateng,"Sadly, yes. 
In the words of Aristotle, ""Ɔdɔ ma nipa gyimi""",2025-06-16T16:05:31.000Z,0,0,0,https://x.com/SamKwasiBoateng/status/1934643511468707886
@gyaigyimii,The Galamsey Fight is on,2025-06-05T13:55:18.000Z,0,0,0,https://x.com/gyaigyimii/status/1930624472576401702
@elephantnewsgh," BECE CANDIDATE ABANDONS EXAM FOR GALAMSEY

One Prince Owusu Snr., registered at Duamponpo MA JHS in Juaben, reportedly ditched the 2025 BECE to pursue illegal mining.

“He said money is better than exams,” a teacher revealed.

#ENN #BECE #Yeji",2025-06-11T14:37:46.000Z,0,0,0,https://x.com/elephantnewsgh/status/1932809486604861914
@SamKwasiBoateng,It's more ephebophilia,2025-06-16T22:12:04.000Z,0,0,0,https://x.com/SamKwasiBoateng/status/1934735755311493523
@mx24gh,"Who says my demonstration was not successful? We wanted to create awareness about galamsey and the President had to respond to it. And so what if I went alone? -Okatakyie Afrifa-Mensah quizzes critics of stagged Anti-Galamsey demonstration

#mx24 #funfearlessfactual #mx24news",2025-06-11T16:24:27.000Z,0,0,0,https://x.com/mx24gh/status/1932836337083716077
@modernghanaweb,Galamsey gold rush: Brenu Akyinim students trade classrooms for risky beach mining,2025-06-16T10:16:59.000Z,0,0,0,https://x.com/modernghanaweb/status/1934555800791335033
@GhanaCrimes,"The government says it has arrested more than 500 people in the last five months in its fight against illegal mining (galamsey). 

A new project is also set to restore 10,000 hectares of damaged land.",2025-06-09T07:07:45.000Z,0,0,0,https://x.com/GhanaCrimes/status/1931971462283280755
@Dansoeben11,Stop the hypocrisy!. Has Berla mundi posted about Galamsey again ? . All the journalists in Ghana have been bought and paid fully.,2025-06-13T13:52:16.000Z,0,0,0,https://x.com/Dansoeben11/status/1933522813165490520
@dvncvn_,"bro, galamsey be lucrative pass. make nobody lie you, it’s not ending soon  ",2025-06-10T06:18:17.000Z,0,0,0,https://x.com/dvncvn_/status/1932321403107172543
@AkwasiDanso8,"Galamsey has come to stay now….
Make some of the Gala money and find a place to relocate your family for a healthy life…
Understand this and know peace.",2025-06-10T10:14:00.000Z,0,0,0,https://x.com/AkwasiDanso8/status/1932380722813108288
@dawgdeyfool,What Dey tear me be say them dey go seek presidential pardon for chairman Wontumi . Somebody wey destroy our river bodies sakov galamsey o ,2025-06-13T13:16:52.000Z,0,0,0,https://x.com/dawgdeyfool/status/1933513905805926522
@kojoklan,"Awurade, ma m’atanfo ase ntu s3 galamsey ",2025-06-15T23:23:51.000Z,0,0,0,https://x.com/kojoklan/status/1934391433588617568
@Akosua_Saffy,"It's not that the male child is being ignored, but rather that many are choosing alternative paths to early success. The perceived benefits of education are diminishing in their eyes, leading some to pursue activities like illegal mining (galamsey)",2025-06-10T17:37:10.000Z,0,0,0,https://x.com/Akosua_Saffy/status/1932492249855562017
@felix_mart40652,Galamsey boy? That's insulting to all the people who have lives ruined by galamsey here in kumasi.,2025-06-08T19:14:36.000Z,0,0,0,https://x.com/felix_mart40652/status/1931791992914067884
@SamKwasiBoateng,"whatever you're going through, whenever, in life, someone went through worse on reddit 9 years ago and they tell all the things to watch out for",2025-06-08T15:27:59.000Z,0,0,0,https://x.com/SamKwasiBoateng/status/1931734963986301367
@TwoTerty1,Bro students left exams to go and do Galamsey? Eiii,2025-06-12T13:26:10.000Z,0,0,0,https://x.com/TwoTerty1/status/1933153857267228763
@kiddo826,either fraud or galamsey ,2025-06-10T13:59:57.000Z,0,0,0,https://x.com/kiddo826/status/1932437584866632039
@niikotei,"another spillage occurred in the Beposo Tailings Storage Facility (BTSF) of AngloGold Ashanti Iduapreim.
Jan 2025, 'Satellite image of the Beposo TSF before the failure.' Doesn't the environmental destruction remind of aerial images of galamsey?",2025-06-09T02:32:21.000Z,0,0,0,https://x.com/niikotei/status/1931902156388409363
@KwesiSchandorf,"12 seized excavators. 5 arrests (including one Chinese). 2 seized motorcycles and two retrieved action-pump guns! That’s the scorecard of the latest anti-galamsey swoop in the Offin Shelter Belt Reserve, under the leadership of the Honourable Emmanuel Armah-Kofi Buah",2025-06-07T09:54:53.000Z,0,0,0,https://x.com/KwesiSchandorf/status/1931288748848783652
@BerryPulseM_Inc,"In a bold move to curb illegal gold mining, known as ""galamsey,"" the Amenfi East Municipal Chief Executive and a Security Liaison Officer in Ghana's Western Region have proposed land reclamation as a penalty. 

This initiative aligns with the 2020 Minerals and Mining Regulations",2025-06-14T23:05:29.000Z,0,0,0,https://x.com/BerryPulseM_Inc/status/1934024422878290141
@tv3_ghana,"Nana Yaa Jantuah comments on the 2025 BECE candidate who was reported to have abandoned the exams to engage in galamsey.

#TV3NewDay",2025-06-12T15:20:11.000Z,0,0,0,https://x.com/tv3_ghana/status/1933182548529565817
@blaquegatsby,"What futuristic investment did the NPP make in our energy sector for 8 years ? 

What futuristic steps did the NPP take towards access to clean water? 

What futuristic steps did the NPP take to connect Ghanaians to the energy grid?

Galamsey 
Economy 
Unemployment ",2025-06-15T11:15:10.000Z,0,0,0,https://x.com/blaquegatsby/status/1934208055409082742
@ghonetv,"The current government is making greater progress in combating galamsey... - Issahaku Nuhu Putiaha (Deputy CEO, Community Water & Sanitation Agency)

#GHOneNews #EIBNetwork
#GHOneTV #NewsAlert 
#KasapaFM",2025-06-10T20:26:08.000Z,0,0,0,https://x.com/ghonetv/status/1932534768182403120
@RichiejoeGH,"You de33 the money the NDC gave to you (their online warriors) de333, I can imagine your own.

What have they fixed since they came; is it the galamsey menace?? the Unemployment situation??the ailing healthcare system??The powere situation??or what???

Such a hypocrite!!!!",2025-06-11T08:44:30.000Z,0,0,0,https://x.com/RichiejoeGH/status/1932720587002298590
@_HealthyWealth1,"This is what these people aren’t understanding his excellency President 
@JDMahama
 isn’t arresting Wuntumi because of the offensive comments he made about him. But because he is the center of galamsey whose operations damaged our water bodies accross the country.",2025-06-11T11:22:30.000Z,0,0,0,https://x.com/_HealthyWealth1/status/1932760348425150545
@Captain_N_e_m_o,"Washed my towel today, nbs galamsey  water ",2025-06-09T17:00:11.000Z,0,0,0,https://x.com/Captain_N_e_m_o/status/1932120554800398341
@tv3_ghana,WNR: 19-year-old drowns in Galamsey pit at Chiene,2025-06-11T11:46:09.000Z,0,0,0,https://x.com/tv3_ghana/status/1932766298779299898
@MensahPopo,Will he still do the stop Galamsey ?,2025-06-08T18:24:15.000Z,0,0,0,https://x.com/MensahPopo/status/1931779319509959040
@Ajongy1,"The Government’s Anti-Galamsey Task Force has intensified its operations with a major crackdown in the Offin Shelter Belt Reserve, resulting in the seizure of 12 excavators and the destruction of an illegal mining camp. This action reaffirms Government’s unwavering commitment to",2025-06-09T21:03:49.000Z,0,0,0,https://x.com/Ajongy1/status/1932181866825523278
@kaobeng2025,"@jonniehughes
 please say something and report on the status of the galamsey fight and LGBTQ. At least you were very vocal and vociferous in opposition. What has changed?",2025-06-10T13:47:43.000Z,0,0,0,https://x.com/kaobeng2025/status/1932434503265571000
@tv3_ghana,BECE candidate abandons paper for galamsey gig,2025-06-11T13:38:47.000Z,0,0,0,https://x.com/tv3_ghana/status/1932794645534347468
@SamKwasiBoateng,Just watch am. It's not bad. It's gotten a lot of love because of Taraji's excellent acting,2025-06-10T22:47:54.000Z,0,0,0,https://x.com/SamKwasiBoateng/status/1932570445569503596
@eddie_wrt,"EASTERN REGIONAL HOUSE OF CHIEFS, MINISTER MEET OVER LAND AND GALAMSEY

The Eastern Regional House of Chiefs has met with Regional Minister, 
@akosuawat
 in Koforidua to discuss land protection, illegal mining, and development. 

The engagement aimed to promote sustainable use of",2025-06-16T06:15:24.000Z,0,0,0,https://x.com/eddie_wrt/status/1934495001465033029
@fawogyimiiko_,"Nothing is free !!!! 
Make you people shun the galamsey fight cos it won’t work ",2025-06-12T15:23:06.000Z,0,0,0,https://x.com/fawogyimiiko_/status/1933183284101431466
@lydiaforson,Today is #WorldEnvironmentDay its the perfect day to be reminded of the harmful effects of Galamsey on our environment.,2025-06-05T13:25:38.000Z,0,0,0,https://x.com/lydiaforson/status/1930617006618812711
@Dame_00161,Brace yourself! You’re going to see a lot more of such! Remember how organised labour refused to participate in the galamsey demo??! They have their people occupying delicate positions,2025-06-10T21:38:55.000Z,0,0,0,https://x.com/Dame_00161/status/1932553084208558303
@LAkumaa7721,Funny she didn’t want to do galamsey strike. Double standards!!,2025-06-10T23:46:34.000Z,0,0,0,https://x.com/LAkumaa7721/status/1932585211344167186
@utvghana,"Over 300 excavators seized in galamsey fight - Prez Mahama 

#UTVNews",2025-06-05T19:41:40.000Z,0,0,0,https://x.com/utvghana/status/1930711641320231360
@SamKwasiBoateng,what exactly were you disappointed at?,2025-06-16T10:34:25.000Z,0,0,0,https://x.com/SamKwasiBoateng/status/1934560185265033468
@onepilato9,So when Chinese go to the Ghana embassy in China for visa what do they state as the reason for visiting or travelling to Ghana. And how do these our Ghanaian consuls get convinced after all these galamsey issues which mostly involves the Chinese,2025-06-11T12:19:45.000Z,0,0,0,https://x.com/onepilato9/status/1932774754873704449
@_sammy_nana,"You see how the woman dey shout about demolishing of the house  . This is why people can’t stop doing galamsey because imagine me sitting on Gold  , I will wash everything including my wall ",2025-06-09T08:52:02.000Z,0,0,0,https://x.com/_sammy_nana/status/1931997703946551327
@AlexJr4190,"Yakubu the war on galamsey don't you read what is going on 
Seizing of excavators 
Canceling the laws on mining 
Arresting and taking control of the lands once lost ?
Sorry to say don't act like a fool and see the progress",2025-06-09T16:07:13.000Z,0,0,0,https://x.com/AlexJr4190/status/1932107224140358055
@utvghana,"Water crisis hits Akyem Krodua community due to galamsey menace

#UTVNews",2025-06-09T21:46:45.000Z,0,0,0,https://x.com/utvghana/status/1932192667900817621
@lekancey,"Men are so unfortunate, we dont get to be celebrated always, just one day of celebration, we get to share it with women .....it is as if there is a delibrate attempt to ignore men altogether.",2025-06-16T06:36:06.000Z,0,0,0,https://x.com/lekancey/status/1934500213038719017
@WMTwai,"Tariffs are paid by Chinese importers, so why celebrate? What do we export to benefit from this? Galamsey gold and manganese will enter China more cheaply, benefiting their citizens more. Bibinii adwene swa too much. #JoyNews",2025-06-12T09:47:44.000Z,0,0,0,https://x.com/WMTwai/status/1933098888241541270
@JojoAnsong,"What exactly is he going to apologise for, is it the comments or his alleged involvement in galamsey???",2025-06-11T10:49:15.000Z,0,0,0,https://x.com/JojoAnsong/status/1932751980088140202
@Gabbie_Yebbs,"Galamsey education campaigns in galamsey regions. I’m talking billboards, road campaigns in different languages, visualization of effects in pamphlets or fliers to be handed out! And many more…",2025-06-13T13:01:07.000Z,0,0,0,https://x.com/Gabbie_Yebbs/status/1933509939999236211
@PromzyKingston,"Na so galamsey Dey start ooo

Focus on the job",2025-06-09T08:49:39.000Z,0,0,0,https://x.com/PromzyKingston/status/1931997106207707409
@Channel1TVGHA,"Galamsey: Govt ramps up crackdown, Over 500 arrests made in five months #ChannelOneNews

| More here:",2025-06-09T09:22:19.000Z,0,0,0,https://x.com/Channel1TVGHA/status/1932005325755781126
@OnuaTV,"Can your government, the NDC, combat Galamsey's activities - Captain Smart asks Asiedu Nketia.

#OnuaMaakye #OnuaTV",2025-06-11T19:46:27.000Z,0,0,0,https://x.com/OnuaTV/status/1932887172761141410
@TheGhanaWeb,'Quick money is important than education' - BECE candidate abandons exam hall for galamsey pit,2025-06-12T08:09:59.000Z,0,0,0,https://x.com/TheGhanaWeb/status/1933074289051217930
@nii_wala,"Haha, interesting role for Dr. Ashigbe. Let's see how it unfolds with his Galamsey Activism",2025-06-08T18:26:17.000Z,0,0,0,https://x.com/nii_wala/status/1931779834453041297
@SamKwasiBoateng,Lmao what,2025-06-16T10:10:21.000Z,0,0,0,https://x.com/SamKwasiBoateng/status/1934554128572895326
@mukspm,Why didn't they strike for the end galamsey campaign? They have genuine concerns but their leaders are political and playing politics with it. They don't care about ordinary Ghanaians or ordinary nurses,2025-06-10T22:39:14.000Z,0,0,0,https://x.com/mukspm/status/1932568265013776633
@markalambay96,"His mouth is about to be shut with Banku and shit),  incase he does not speak about galamsey again.",2025-06-08T19:52:19.000Z,0,0,0,https://x.com/markalambay96/status/1931801484083208422
@Mubarakmozac,"Minister Armah Kofi Boah ( on the galamsey ) issues.
We see the great efforts being made by him and others But… We want to see Clearer Rivers, Reclamations and a Recapture of our Forest Reserves",2025-06-10T15:54:41.000Z,0,0,0,https://x.com/Mubarakmozac/status/1932466455205011897
@premooooooo,"Has you account been banned ?
Or galamsey is affecting only her ?",2025-06-08T13:45:57.000Z,0,0,0,https://x.com/premooooooo/status/1931709283348934921
@SamKwasiBoateng,We have so many people in Ghana that can do this call center job sigh....,2025-06-09T15:28:30.000Z,0,0,0,https://x.com/SamKwasiBoateng/status/1932097479236890721
@ShyynBurninton,Is he trying to suggest that the STOP GALAMSEY demonstration was completely ineffective?,2025-06-12T20:10:11.000Z,0,0,0,https://x.com/ShyynBurninton/status/1933255532057669911
@IFEX,"#Ghana  On #WorldEnvironmentDay, 
@TheMFWA
, 
@arochaghana
, UniMAC-IJ, and GJA convened a “seminar of conscience” spotlighting how environmental journalism holds polluters to account - from #Galamsey to plastic waste. https://ow.ly/6WRr50W8yzJ",2025-06-15T19:00:27.000Z,0,0,0,https://x.com/IFEX/status/1934325145931333945
@asaaseradio995,"As part of efforts to curb illegal mining in Ghana, the Minister for Foreign Affairs and MP for North Tongu, Samuel Okudzeto Ablakwa, has held high-level…

FULL STORY: https://asaaseradio.com/ablakwa-engages-nanning-authorities-in-china-to-tackle-galamsey-at-its-core/…

#AsaaseNews | #AsaaseAt5 | #TheVoiceOfOurLand | #AsaaseRadio | #5YearsStrong",2025-06-15T14:39:31.000Z,0,0,0,https://x.com/asaaseradio995/status/1934259478913847657
@nick_nii_sai,Wontumi is not an exceptional human being neither is any of the appointees under President Akuffo-Addo. Nana promised to put his presidency on the line to fight galamsey but it never happened.  Wontumi and the rest must face the full force of the law.,2025-06-11T13:45:32.000Z,0,0,0,https://x.com/nick_nii_sai/status/1932796344189472951
@DynastyMillad,Galamsey helps to discover crute oil ,2025-06-08T10:43:46.000Z,0,0,0,https://x.com/DynastyMillad/status/1931663437173538866
@safiandapaah,"These are the same nurses and midwives who pulled out of the anti-galamsey strike last year stating that patients lives are at risk, but right now they are here going on strike due to funeral, kilometric and other stupid allowances, lol. Let’s tell the truth sometimes ",2025-06-10T22:48:07.000Z,0,0,0,https://x.com/safiandapaah/status/1932570500062138460
@holufunwa,"Sorry, but deporting Chinese galamseyers is not ""ruthlessly combatting galamsey""!",2025-06-14T20:12:36.000Z,0,0,0,https://x.com/holufunwa/status/1933980913915789613
@SamKwasiBoateng,Terrible reflexes from AJ,2025-06-16T18:54:56.000Z,0,0,0,https://x.com/SamKwasiBoateng/status/1934686143867461774
@blacknarratoor,When others are fighting this is what you people are doing on the sea. Go and flash out the galamsey people from our forest. We are sitting on a time bomb when this blows out of hand. A terrorist group in the making,2025-06-14T01:15:51.000Z,0,0,0,https://x.com/blacknarratoor/status/1933694841990394303
@KwesiSchandorf,"Please don’t skip thisUse the next five minutes to listen to the commitment of the Minister of Lands and Natural Resources (
@mlnrgovgh
), the Honourable Emmanuel Armah-Kofi Buah (
@ArmahKofiBuah
), in addressing galamsey. The fight will be won .",2025-06-11T04:27:11.000Z,0,0,0,https://x.com/KwesiSchandorf/status/1932655828009685023
@Causeme349918,Because NDC has allowed them to do galamsey.. that's why you can't talk...ɛkum journalist,2025-06-12T16:50:34.000Z,0,0,0,https://x.com/Causeme349918/status/1933205296798658905
@barkervogues,"This week Merton & Everett LLP (
@MertonEverett
) with the support of Pro Bono Legal Impact Fund-PBLIF  will be filing a lawsuit  on behalf of Democracy Hub (
@Ghfixthecountry
)

The suit will challenge the GoG's decision to deport rather prosecute the Chinese caught in Galamsey.",2025-06-08T15:50:39.000Z,0,0,0,https://x.com/barkervogues/status/1931740665089605917
@TheGhanaWeb,"Watch heavily-armed men resist Hannah Bissiw-Kotei, anti-galamsey taskforce over arrest of Chinese",2025-06-06T14:35:56.000Z,0,0,0,https://x.com/TheGhanaWeb/status/1930997087732216275
@_Just_ice,"ah dem say one BECE candidate go do galamsey as ein mates dey rep paper,ah",2025-06-11T15:15:48.000Z,0,0,0,https://x.com/_Just_ice/status/1932819059239752004
@jojo_jacobs_,"Okada
Fraud 
Galamsey 
Drug abuse 
And many more is keeping our male children from school and it’s very alarming ",2025-06-10T16:40:17.000Z,0,0,0,https://x.com/jojo_jacobs_/status/1932477932791836850
@_BenopaOnyx1," ignorance be this 
Herrr brainwashing be worse pass Galamsey walahi",2025-06-13T13:12:31.000Z,0,0,0,https://x.com/_BenopaOnyx1/status/1933512810627055919
@Citi973,"The newly appointed Chief Executive Officer of the Ghana Chamber of Mines, Dr. Ken Ashigbey, has reaffirmed his commitment to the fight against illegal mining, locally known as galamsey, declaring that his stance on the issue remains firm despite his new role.
#CitiNewsroom",2025-06-11T09:46:58.000Z,0,0,0,https://x.com/Citi973/status/1932736304011239614
@aryeemike,How will his appointment to the role impact the fight against galamsey?,2025-06-08T18:15:52.000Z,0,0,0,https://x.com/aryeemike/status/1931777209582449047
@Joy997FM,"Illegal miners attack Forestry Commission staff in Tarkwa following crackdown on galamsey in the Neung South forest reserve

Follow our WhatsApp channel for all the breaking stories: http://tinyurl.com/JoyNews-WhatsApp-channel…

#JoyNews",2025-06-05T11:32:37.000Z,0,0,0,https://x.com/Joy997FM/status/1930588565966115232
@3fm927,"Happening this morning on #3FMSunrise!  

We have an EXCLUSIVE interview with Dr. Hanna Louisa Bissiw, Administrator of the Minerals Development Fund (MDF).

We'll be diving deep into the ""Galamsey fight"" and asking: Is the JDM Administration losing it already?

Don't miss this",2025-06-12T07:06:09.000Z,0,0,0,https://x.com/3fm927/status/1933058224619397320
@TonyYrn2,Maybe Galamsey ,2025-06-10T18:27:28.000Z,0,0,0,https://x.com/TonyYrn2/status/1932504905215832365
@SamKwasiBoateng,Was never the best LB itw please,2025-06-08T22:46:57.000Z,0,0,0,https://x.com/SamKwasiBoateng/status/1931845432625316190
@_sneakernyame,Galamsey needs to stop Asap,2025-06-13T12:19:29.000Z,0,0,0,https://x.com/_sneakernyame/status/1933499465291186636
@ForTheRecordsGh,"Okatakyie criticised the NPP at a point and some galamsey operators were arrested 

Okatakyie criticises the NDC administration and someone with fake credentials has been stopped from holding the board member position 

Okatakyie criticises the government in power and if you",2025-06-09T09:26:15.000Z,0,0,0,https://x.com/ForTheRecordsGh/status/1932006318312657153
@francisco9gh,"Is this mp who said galamsey must continue during the campaign?
Listening to him one will know that this man isn't wise at all. You are accusing the president of using state institutions to fight personal battles. Herrrrrr....sch mpepa gyimie o!!!",2025-06-11T15:16:54.000Z,0,0,0,https://x.com/francisco9gh/status/1932819335665320361
@SamKwasiBoateng,The coach has already said it lok,2025-06-13T13:56:11.000Z,0,0,0,https://x.com/SamKwasiBoateng/status/1933523798940074332
@TwoTerty1,Galamsey in Twi ,2025-06-12T09:21:16.000Z,0,0,0,https://x.com/TwoTerty1/status/1933092227695177834
@3NewsGH,Galamsey fight: Over 1000 excavators impounded at Tema port – Kwakye Ofosu,2025-06-05T19:51:19.000Z,0,0,0,https://x.com/3NewsGH/status/1930714070409253176
@RocksonSoul1,"I am not looking for sympathy for illegal miners, I am advocating for opportunities for some youths who had dreams of becoming “Ghana’s Next Big Thing”, but had to bury those dreams in galamsey pits.
#HiddenGems",2025-06-12T13:52:45.000Z,0,0,0,https://x.com/RocksonSoul1/status/1933160548281340385
@SamKwasiBoateng,The woman sef no talk anything but you dey here dey fight lmao if you don't getat and find something useful to do with your time,2025-06-08T14:29:21.000Z,0,0,0,https://x.com/SamKwasiBoateng/status/1931720208181256214
@SamKwasiBoateng,Season 1 had me hooked from start to finish,2025-06-16T10:19:35.000Z,0,0,0,https://x.com/SamKwasiBoateng/status/1934556455127978182
@SamKwasiBoateng,Is there a different Agya Koo Nimo cos the image I saw of him today has aged a lot. This image is the one I remember of him from a few years ago,2025-06-11T19:10:48.000Z,0,0,0,https://x.com/SamKwasiBoateng/status/1932878197235859813
@bullettvghana,"“We have to replant again.” 
@KwesiSchandorf
  says restoring Ghana’s forests is possible but only if we act now.

 Catch the Morning Target every day from 8:30 AM - 10 AM

#TheMorningTarget #Galamsey #PaaKwesiSchandorf #Bullettvgh",2025-06-09T13:31:56.000Z,0,0,0,https://x.com/bullettvghana/status/1932068146078257614
@OleleSalvador,": Not sure how to feel about this. I’d love to see the full agreement & benefits beyond gold exports. 

China’s been complicit in our Galamsey crisis, so this may just deepen diplomatic immunity for their nationals damaging our forests & water bodies. 

But yay… ",2025-06-12T16:30:00.000Z,0,0,0,https://x.com/OleleSalvador/status/1933200120499118537
@perrytintin,If I get virtual galamsey I’ll do papa. ,2025-06-08T20:49:56.000Z,0,0,0,https://x.com/perrytintin/status/1931815983582494801
@Gen_Buhari_,"In return for chinese being allowed to engage in galamsey.

It’s sad",2025-06-12T08:45:01.000Z,0,0,0,https://x.com/Gen_Buhari_/status/1933083104119554260
@niikotei,"He is a vocal critic of galamsey. This is why we must emphasize that legal and illegal mining cause environmental destruction. In 2001, the tailings spillage of Gold Fields' Tarkwa mines contaminated the Asuman River with cyanide and heavy metals. In Feb, 2025...",2025-06-09T02:32:21.000Z,0,0,0,https://x.com/niikotei/status/1931902154681495699
@Serwaa_Amihere,Nzema East MUSEC arrests 20 illegal miners in crackdown on galamsey operations,2025-06-16T14:04:59.000Z,0,0,0,https://x.com/Serwaa_Amihere/status/1934613177506861545
@bullettvghana," ""Shoot to kill"" to stop galamsey?
@KwesiSchandorf
 explains why this could backfire — big time!

 Watch the full breakdown on The Morning Target

 Everyday from 8:30 AM - 10 AM

 #TheMorningTarget #GalamseyCrisis #ShootToKill #GhanaPolitics #MiningCrisis #bullettvgh",2025-06-09T12:55:37.000Z,0,0,0,https://x.com/bullettvghana/status/1932059004613664826
@MPKwarteng_,I know this is to bring your expertise more visibly to bear in finding solutions to the galamsey menace. Congratulations Dr. Ashigbey and all the best in your new role.,2025-06-08T18:56:30.000Z,0,0,0,https://x.com/MPKwarteng_/status/1931787437925454227
@dcallito,You can and arrest her like you did at the galamsey site remember it’s called citizens arrest ..if her arrest mean so much to you go and arrest her for the police gyimifuor b3ma..,2025-06-09T18:35:46.000Z,0,0,0,https://x.com/dcallito/status/1932144607493865606
@SamKwasiBoateng,Oh keep quiet wɔhɔ,2025-06-08T15:40:56.000Z,0,0,0,https://x.com/SamKwasiBoateng/status/1931738219722248204
@SamKwasiBoateng,You went to influencers? Should have come to devs too we go hype am give you. I recommended to someone Slightly Techie recently sef,2025-06-12T17:48:36.000Z,0,0,0,https://x.com/SamKwasiBoateng/status/1933219899410624825
@KwesiSchandorf,"Good news! A joint anti-galamsey task force stormed the Offin Shelter Belt on Wednesday, leading to the arrest of 4 suspected illegal miners and one Chinese.

12 excavators were also seized, plus 2 motorcycles  and 2 pump-action guns. The fight against galamsey is still on, and",2025-06-07T07:42:32.000Z,0,0,0,https://x.com/KwesiSchandorf/status/1931255441087963415
@IcanKudivo,"Chale the galamsey dem no go stop?

#StopGalamsey",2025-06-11T11:21:12.000Z,0,0,0,https://x.com/IcanKudivo/status/1932760021844009076
@OleleSalvador,": China is doing same for 52 other African countries except Eswatini(they’re friends with Taiwan lol); 

Nonetheless, I hope beyond the surface, Ghana benefits more & that was what this meeting was about(your role) amidst the Galamsey crisis they’ve been complicit in.",2025-06-12T16:52:01.000Z,0,0,0,https://x.com/OleleSalvador/status/1933205662248440176
